id,actualPlayerCount,actualPlayerCountLastChangedAt,batchID,batchIDLastChangedAt,ended,endedLastChangedAt,endedReason,endedReasonLastChangedAt,groupID,groupIDLastChangedAt,lobbyTimerID,lobbyTimerIDLastChangedAt,roundIndex,roundIndexLastChangedAt,stageID,stageIDLastChangedAt,start,startLastChangedAt,starting,startingLastChangedAt,status,statusLastChangedAt,treatment,treatmentLastChangedAt,treatmentName,treatmentNameLastChangedAt
01JFV51W2FGZFTVV8BAM0C3QMD,,,01JFV51W1J8EJQSGAF95BJPR1P,2024-12-23T19:38:39.82332-06:00,false,2024-12-23T19:38:39.82332-06:00,batch ended,2024-12-23T19:39:45.550622-06:00,01JFV51W36HEYCK65SW8GSFCMM,2024-12-23T19:38:39.847578-06:00,,,,,,,false,2024-12-23T19:38:39.82332-06:00,,,terminated,2024-12-23T19:39:45.550622-06:00,"{""playerCount"":2}",2024-12-23T19:38:39.82332-06:00,Two Players,2024-12-23T19:38:39.82332-06:00
01JFV51Y1JH072VGEPP68P1CQ2,,,01JFV51Y0ZN4P4Y0ESGXWNMWT6,2024-12-23T19:38:41.842193-06:00,false,2024-12-23T19:38:41.842193-06:00,shared lobby timeout,2024-12-23T19:41:09.479354-06:00,01JFV51Y1X3Q6NGQ5K43YBR8BN,2024-12-23T19:38:41.85458-06:00,01JFV54KKYYTANYG69GJSEQ87F,2024-12-23T19:40:09.47589-06:00,,,,,false,2024-12-23T19:38:41.842193-06:00,,,failed,2024-12-23T19:41:09.479354-06:00,"{""playerCount"":2}",2024-12-23T19:38:41.842193-06:00,Two Players,2024-12-23T19:38:41.842193-06:00
01JFV51Y1JH072VGEPPHJJ72WR,2,2024-12-23T19:40:18.515148-06:00,01JFV51Y0ZN4P4Y0ESGXWNMWT6,2024-12-23T19:38:41.842664-06:00,false,2024-12-23T19:38:41.842664-06:00,,,01JFV51Y23RTRBADXWHWQ89VQW,2024-12-23T19:38:41.860588-06:00,01JFV54G2HS2JHBP8GEKE70RRF,2024-12-23T19:40:05.849907-06:00,1,2024-12-23T19:40:18.531521-06:00,01JFV54WF8S0Z14QN1CTDCPR6H,2024-12-23T19:40:18.556993-06:00,true,2024-12-23T19:40:18.515148-06:00,true,2024-12-23T19:40:18.515148-06:00,running,2024-12-23T19:40:18.542264-06:00,"{""playerCount"":2}",2024-12-23T19:38:41.842664-06:00,Two Players,2024-12-23T19:38:41.842664-06:00
01JFV51W2FGZFTVV8BABTTW59A,,,01JFV51W1J8EJQSGAF95BJPR1P,2024-12-23T19:38:39.823048-06:00,false,2024-12-23T19:38:39.823048-06:00,batch ended,2024-12-23T19:39:45.550622-06:00,01JFV51W2ZQAFHW1ZHQPRW0MRB,2024-12-23T19:38:39.840377-06:00,,,,,,,false,2024-12-23T19:38:39.823048-06:00,,,terminated,2024-12-23T19:39:45.550622-06:00,"{""playerCount"":2}",2024-12-23T19:38:39.823048-06:00,Two Players,2024-12-23T19:38:39.823048-06:00
