id,ended,endedLastChangedAt,gameID,gameIDLastChangedAt,introDone,introDoneLastChangedAt,participantID,participantIDLastChangedAt,participantIdentifier,participantIdentifierLastChangedAt,treatment,treatmentLastChangedAt,treatmentName,treatmentNameLastChangedAt,urlParams,urlParamsLastChangedAt
01JFV5287TW876MTDYXQX8KHB6,null,2024-12-23T19:38:52.29253-06:00,01JFV51Y1JH072VGEPPHJJ72WR,2024-12-23T19:38:52.29253-06:00,true,2024-12-23T19:40:05.836628-06:00,01JFV528776WEPARZWP339JWES,2024-12-23T19:38:52.282068-06:00,test1,2024-12-23T19:38:52.282068-06:00,"{""playerCount"":2}",2024-12-23T19:38:52.29253-06:00,Two Players,2024-12-23T19:38:52.29253-06:00,{},2024-12-23T19:38:52.297453-06:00
01JFV52MCATN0DBVRRND4X4Y9W,game failed,2024-12-23T19:41:09.488405-06:00,01JFV51Y1JH072VGEPP68P1CQ2,2024-12-23T19:39:04.724024-06:00,true,2024-12-23T19:40:09.46503-06:00,01JFV52MBP25CQ4FM4EZEBYJNH,2024-12-23T19:39:04.714209-06:00,test2,2024-12-23T19:39:04.714209-06:00,"{""playerCount"":2}",2024-12-23T19:39:04.724024-06:00,Two Players,2024-12-23T19:39:04.724024-06:00,"{""participantKey"":""1735004337637""}",2024-12-23T19:39:04.73113-06:00
01JFV537XMDMG71VX4D5SQ39KV,game failed,2024-12-23T19:41:09.488405-06:00,01JFV51Y1JH072VGEPP68P1CQ2,2024-12-23T19:40:18.515148-06:00,,,01JFV537X36Q36WQ8VPPMPFVP5,2024-12-23T19:39:24.724658-06:00,test3,2024-12-23T19:39:24.724658-06:00,"{""playerCount"":2}",2024-12-23T19:39:24.734796-06:00,Two Players,2024-12-23T19:39:24.734796-06:00,"{""participantKey"":""test3""}",2024-12-23T19:39:24.740874-06:00
01JFV53GPRB4ZZ7XEZHKEAXV4B,null,2024-12-23T19:39:33.734173-06:00,01JFV51Y1JH072VGEPPHJJ72WR,2024-12-23T19:39:33.734173-06:00,true,2024-12-23T19:40:18.50532-06:00,01JFV53GPAP0C4NF37WG1Y4Z93,2024-12-23T19:39:33.720528-06:00,test4,2024-12-23T19:39:33.720528-06:00,"{""playerCount"":2}",2024-12-23T19:39:33.734173-06:00,Two Players,2024-12-23T19:39:33.734173-06:00,"{""participantKey"":""test4""}",2024-12-23T19:39:33.742669-06:00
01JFV54B8R12HGPRVYMC9ADQ67,game failed,2024-12-23T19:41:09.488405-06:00,01JFV51Y1JH072VGEPP68P1CQ2,2024-12-23T19:40:18.515148-06:00,,,01JFV54B8AZ2F605QZSY2755VN,2024-12-23T19:40:00.92046-06:00,test5,2024-12-23T19:40:00.92046-06:00,"{""playerCount"":2}",2024-12-23T19:40:00.929922-06:00,Two Players,2024-12-23T19:40:00.929922-06:00,"{""participantKey"":""test5""}",2024-12-23T19:40:00.939201-06:00
01JFV5571J55Z4Q6HN1M70MKHF,game failed,2024-12-23T19:41:09.488405-06:00,01JFV51Y1JH072VGEPP68P1CQ2,2024-12-23T19:40:29.369491-06:00,,,01JFV55716FJF1VP48A2TJGSTB,2024-12-23T19:40:29.362979-06:00,test6,2024-12-23T19:40:29.362979-06:00,"{""playerCount"":2}",2024-12-23T19:40:29.369491-06:00,Two Players,2024-12-23T19:40:29.369491-06:00,"{""participantKey"":""test6""}",2024-12-23T19:40:29.373666-06:00
01JFV57AZY2739SS30NSB5BGDA,,,,,,,01JFV57AZC37V7ZX23TZQ4TQXC,2024-12-23T19:41:38.942163-06:00,test7,2024-12-23T19:41:38.942163-06:00,,,,,,
